"","sim","G","sampler","relabalg","ellipsealg","thamesalg","estimate","value","T"
"1","1","5","unknown","ECR","standard","simple","upper","4.57702496354477","1000"
"2","1","5","unknown","ECR","standard","bridge","upper","-6.89700456295441","1000"
"3","1","5","unknown","ECR","standard","simple","estim","2.30113613919093","1000"
"4","1","5","unknown","ECR","standard","bridge","estim","-5.12800476008942","1000"
"5","1","5","unknown","ECR","standard","simple","lower","1.43473531815971","1000"
"6","1","5","unknown","ECR","standard","bridge","lower","-4.45363634436126","1000"
"7","1","5","unknown","ECR","standard","simple","logcor","-2.99573227355399","1000"
"8","1","5","unknown","ECR","standard","bridge","logcor","-6.89700456295441","1000"
"9","1","5","unknown","ECR","standard","simple","permlen","1","1000"
"10","1","5","unknown","ECR","standard","bridge","permlen","-5.12800476008942","1000"
"11","1","5","unknown","ECR","standard","simple","alpha","0.467","1000"
"12","1","5","unknown","ECR","standard","bridge","alpha","-4.45363634436126","1000"
"13","1","5","unknown","ECR","standard","simple","upper","2.94381788414967","2000"
"14","1","5","unknown","ECR","standard","bridge","upper","-4.89274451747087","2000"
"15","1","5","unknown","ECR","standard","simple","estim","0.463172840507468","2000"
"16","1","5","unknown","ECR","standard","bridge","estim","-4.50755750591725","2000"
"17","1","5","unknown","ECR","standard","simple","lower","-0.63657537571271","2000"
"18","1","5","unknown","ECR","standard","bridge","lower","-4.23017079536112","2000"
"19","1","5","unknown","ECR","standard","simple","logcor","-3.81671282562382","2000"
"20","1","5","unknown","ECR","standard","bridge","logcor","-4.89274451747087","2000"
"21","1","5","unknown","ECR","standard","simple","permlen","1","2000"
"22","1","5","unknown","ECR","standard","bridge","permlen","-4.50755750591725","2000"
"23","1","5","unknown","ECR","standard","simple","alpha","0.483","2000"
"24","1","5","unknown","ECR","standard","bridge","alpha","-4.23017079536112","2000"
"25","1","5","unknown","ECR","standard","simple","upper","2.35808146069758","5000"
"26","1","5","unknown","ECR","standard","bridge","upper","-4.92467427509564","5000"
"27","1","5","unknown","ECR","standard","simple","estim","-0.101459629831879","5000"
"28","1","5","unknown","ECR","standard","bridge","estim","-4.79780922815735","5000"
"29","1","5","unknown","ECR","standard","simple","lower","-1.14967234601909","5000"
"30","1","5","unknown","ECR","standard","bridge","lower","-4.68524202763774","5000"
"31","1","5","unknown","ECR","standard","simple","logcor","-4.87960703168985","5000"
"32","1","5","unknown","ECR","standard","bridge","logcor","-4.92467427509564","5000"
"33","1","5","unknown","ECR","standard","simple","permlen","1","5000"
"34","1","5","unknown","ECR","standard","bridge","permlen","-4.79780922815735","5000"
"35","1","5","unknown","ECR","standard","simple","alpha","0.4824","5000"
"36","1","5","unknown","ECR","standard","bridge","alpha","-4.68524202763774","5000"
"37","1","5","unknown","ECR","standard","simple","upper","2.49285923131765","10000"
"38","1","5","unknown","ECR","standard","bridge","upper","-4.82864283257231","10000"
"39","1","5","unknown","ECR","standard","simple","estim","0.0111306575176968","10000"
"40","1","5","unknown","ECR","standard","bridge","estim","-4.74786195910792","10000"
"41","1","5","unknown","ECR","standard","simple","lower","-1.09215842847334","10000"
"42","1","5","unknown","ECR","standard","bridge","lower","-4.6731217068168","10000"
"43","1","5","unknown","ECR","standard","simple","logcor","-5.29831736654804","10000"
"44","1","5","unknown","ECR","standard","bridge","logcor","-4.82864283257231","10000"
"45","1","5","unknown","ECR","standard","simple","permlen","1","10000"
"46","1","5","unknown","ECR","standard","bridge","permlen","-4.74786195910792","10000"
"47","1","5","unknown","ECR","standard","simple","alpha","0.5021","10000"
"48","1","5","unknown","ECR","standard","bridge","alpha","-4.6731217068168","10000"
"49","1","5","unknown","ECR","standard","simple","upper","2.24508670917476","20000"
"50","1","5","unknown","ECR","standard","bridge","upper","-4.8322915779604","20000"
"51","1","5","unknown","ECR","standard","simple","estim","-0.117157522582602","20000"
"52","1","5","unknown","ECR","standard","bridge","estim","-4.77975719003734","20000"
"53","1","5","unknown","ECR","standard","simple","lower","-1.04567954279855","20000"
"54","1","5","unknown","ECR","standard","bridge","lower","-4.72984545742975","20000"
"55","1","5","unknown","ECR","standard","simple","logcor","-5.25909665339476","20000"
"56","1","5","unknown","ECR","standard","bridge","logcor","-4.8322915779604","20000"
"57","1","5","unknown","ECR","standard","simple","permlen","1","20000"
"58","1","5","unknown","ECR","standard","bridge","permlen","-4.77975719003734","20000"
"59","1","5","unknown","ECR","standard","simple","alpha","0.50865","20000"
"60","1","5","unknown","ECR","standard","bridge","alpha","-4.72984545742975","20000"
"61","1","5","unknown","ECR","standard","simple","upper","2.5180086851974","50000"
"62","1","5","unknown","ECR","standard","bridge","upper","-4.84331344582597","50000"
"63","1","5","unknown","ECR","standard","simple","estim","0.0273240406031618","50000"
"64","1","5","unknown","ECR","standard","bridge","estim","-4.81143469083372","50000"
"65","1","5","unknown","ECR","standard","simple","lower","-1.11383902628586","50000"
"66","1","5","unknown","ECR","standard","bridge","lower","-4.7805408731183","50000"
"67","1","5","unknown","ECR","standard","simple","logcor","-5.28638879568276","50000"
"68","1","5","unknown","ECR","standard","bridge","logcor","-4.84331344582597","50000"
"69","1","5","unknown","ECR","standard","simple","permlen","1","50000"
"70","1","5","unknown","ECR","standard","bridge","permlen","-4.81143469083372","50000"
"71","1","5","unknown","ECR","standard","simple","alpha","0.50548","50000"
"72","1","5","unknown","ECR","standard","bridge","alpha","-4.7805408731183","50000"
"73","1","5","unknown","ECR","standard","simple","upper","2.4422277582421","1e+05"
"74","1","5","unknown","ECR","standard","bridge","upper","-4.80511582644385","1e+05"
"75","1","5","unknown","ECR","standard","simple","estim","-0.0514346935015055","1e+05"
"76","1","5","unknown","ECR","standard","bridge","estim","-4.7832168210939","1e+05"
"77","1","5","unknown","ECR","standard","simple","lower","-1.21308364189963","1e+05"
"78","1","5","unknown","ECR","standard","bridge","lower","-4.76178712316641","1e+05"
"79","1","5","unknown","ECR","standard","simple","logcor","-5.49921030892743","1e+05"
"80","1","5","unknown","ECR","standard","bridge","logcor","-4.80511582644385","1e+05"
"81","1","5","unknown","ECR","standard","simple","permlen","1","1e+05"
"82","1","5","unknown","ECR","standard","bridge","permlen","-4.7832168210939","1e+05"
"83","1","5","unknown","ECR","standard","simple","alpha","0.50106","1e+05"
"84","1","5","unknown","ECR","standard","bridge","alpha","-4.76178712316641","1e+05"
"85","1","5","GIBBS","ECR","standard","simple","upper","2.4609195507046","2e+05"
"86","1","5","GIBBS","ECR","standard","bridge","upper","-4.78914636981426","2e+05"
"87","1","5","GIBBS","ECR","standard","simple","estim","-0.0315603180793005","2e+05"
"88","1","5","GIBBS","ECR","standard","bridge","estim","-4.77365570698475","2e+05"
"89","1","5","GIBBS","ECR","standard","simple","lower","-1.18402192921894","2e+05"
"90","1","5","GIBBS","ECR","standard","bridge","lower","-4.75840134892542","2e+05"
"91","1","5","GIBBS","ECR","standard","simple","logcor","-5.62266342337141","2e+05"
"92","1","5","GIBBS","ECR","standard","bridge","logcor","-4.78914636981426","2e+05"
"93","1","5","GIBBS","ECR","standard","simple","permlen","1","2e+05"
"94","1","5","GIBBS","ECR","standard","bridge","permlen","-4.77365570698475","2e+05"
"95","1","5","GIBBS","ECR","standard","simple","alpha","0.5","2e+05"
"96","1","5","GIBBS","ECR","standard","bridge","alpha","-4.75840134892542","2e+05"
